{
    "$schema": "http://schemas.management.azure.com/schemas/2015-01-01/deploymentTemplate.json#",
    "contentVersion": "1.0.0.0",
    "parameters": {
        "webAppName": {
            "type": "string"
        },
        "repositoryUrl": {
            "type": "string"
        },
        "branch": {
            "type": "string",
            "defaultValue": "master"
        }
    },
    "resources": [
        {
            "apiVersion": "2015-08-01",
            "type": "Microsoft.Web/sites",
            "name": "[parameters('webAppName')]",
            "location": "[resourceGroup().location]",
            "properties": {},
            "resources": [
                {
                    "apiVersion": "2016-08-01",
                    "name": "web",
                    "type": "sourcecontrols",
                    "dependsOn": [
                        "[resourceId('Microsoft.Web/Sites', parameters('webAppName'))]"
                    ],
                    "properties": {
                        "RepoUrl": "[parameters('repositoryUrl')]",
                        "branch": "[parameters('branch')]",
                        "IsManualIntegration": true
                    }
                }
            ]
        }
    ]
}