{
    "$schema": "https://schema.management.azure.com/schemas/2015-01-01/deploymentTemplate.json#",
    "contentVersion": "1.0.0.0",
    "parameters": {
        "adminUsername": {
            "type": "String",
            "metadata": {
                "description": "User name for the Virtual Machine."
            }
        },
        "adminPassword": {
            "type": "SecureString",
            "metadata": {
                "description": "Password for the Virtual Machine."
            }
        },
        "dnsLabelPrefix": {
            "type": "String",
            "defaultValue": "",
            "metadata": {
                "description": "Unique DNS Name for the Public IP used to access the Virtual Machine."
            }
        },
        "ubuntuOSVersion": {
            "defaultValue": "16.04.0-LTS",
            "allowedValues": [
                "12.04.5-LTS",
                "14.04.5-LTS",
                "15.10",
                "16.04.0-LTS"
            ],
            "type": "String",
            "metadata": {
                "description": "The Ubuntu version for the VM. This will pick a fully patched image of this given Ubuntu version."
            }
        }
    },
    "variables": {
        "storageAccountName": "[concat(uniquestring(resourceGroup().id), 'salinuxvm')]",
        "imagePublisher": "Canonical",
        "imageOffer": "UbuntuServer",
        "nicName": "myVMNic",
        "addressPrefix": "10.0.0.0/16",
        "subnetName": "Subnet",
        "subnetPrefix": "10.0.0.0/24",
        "storageAccountType": "Standard_LRS",
        "publicIPAddressName": "myPublicIP",
        "publicIPAddressType": "Dynamic",
        "vmName": "MyUbuntuVM",
        "vmSize": "Standard_A1",
        "virtualNetworkName": "MyVNET",
        "vnetID": "[resourceId('Microsoft.Network/virtualNetworks',variables('virtualNetworkName'))]",
        "subnetRef": "[concat(variables('vnetID'),'/subnets/',variables('subnetName'))]"
    },
    "resources": [
        {
            "type": "Microsoft.Compute/availabilitySets",
            "name": "BalancedSet",
            "apiVersion": "2017-12-01",
            "location": "[resourceGroup().location]",
            "sku": {
                "name": "Aligned"
            },
            "properties": {
                "platformFaultDomainCount": 2,
                "platformUpdateDomainCount": 2
            }
        },
        {
            "type": "Microsoft.Storage/storageAccounts",
            "sku": {
                "name": "[variables('storageAccountType')]"
            },
            "kind": "Storage",
            "name": "[variables('storageAccountName')]",
            "apiVersion": "2017-06-01",
            "location": "[resourceGroup().location]",
            "properties": {}
        },
        {
            "type": "Microsoft.Network/virtualNetworks",
            "name": "[variables('virtualNetworkName')]",
            "apiVersion": "2017-04-01",
            "location": "[resourceGroup().location]",
            "properties": {
                "addressSpace": {
                    "addressPrefixes": [
                        "[variables('addressPrefix')]"
                    ]
                },
                "subnets": [
                    {
                        "name": "[variables('subnetName')]",
                        "properties": {
                            "addressPrefix": "[variables('subnetPrefix')]"
                        }
                    }
                ]
            }
        },
        {
            "type": "Microsoft.Network/networkInterfaces",
            "name": "[concat(variables('nicName'), copyIndex())]",
            "apiVersion": "2017-04-01",
            "location": "[resourceGroup().location]",
            "properties": {
                "ipConfigurations": [
                    {
                        "name": "ipconfig1",
                        "properties": {
                            "privateIPAllocationMethod": "Dynamic",
                            "subnet": {
                                "id": "[variables('subnetRef')]"
                            }
                        }
                    }
                ]
            },
            "dependsOn": [
                "[resourceId('Microsoft.Network/virtualNetworks/', variables('virtualNetworkName'))]"
            ],
            "copy": {
                "name": "storagecopy",
                "count": 3
            }
        },
        {
            "type": "Microsoft.Compute/virtualMachines",
            "name": "[concat(variables('vmName'), copyIndex())]",
            "apiVersion": "2017-03-30",
            "location": "[resourceGroup().location]",
            "properties": {           
                "availabilitySet": {
                    "id": "[resourceId('Microsoft.Compute/availabilitySets', 'BalancedSet')]"
                },
                "hardwareProfile": {
                    "vmSize": "[variables('vmSize')]"
                },
                "osProfile": {
                    "computerName": "[variables('vmName')]",
                    "adminUsername": "[parameters('adminUsername')]",
                    "adminPassword": "[parameters('adminPassword')]"
                },
                "storageProfile": {
                    "imageReference": {
                        "publisher": "[variables('imagePublisher')]",
                        "offer": "[variables('imageOffer')]",
                        "sku": "[parameters('ubuntuOSVersion')]",
                        "version": "latest"
                    },
                    "osDisk": {
                        "createOption": "FromImage"
                    },
                    "dataDisks": [
                        {
                            "diskSizeGB": 1023,
                            "lun": 0,
                            "createOption": "Empty"
                        }
                    ]
                },
                "networkProfile": {
                    "networkInterfaces": [
                        {
                            "id": "[resourceId('Microsoft.Network/networkInterfaces', concat(variables('nicName'), copyIndex()))]"
                        }
                    ]
                },
                "diagnosticsProfile": {
                    "bootDiagnostics": {
                        "enabled": true,
                        "storageUri": "[concat(reference(concat('Microsoft.Storage/storageAccounts/', variables('storageAccountName')), '2016-01-01').primaryEndpoints.blob)]"
                    }
                }
            },
            "dependsOn": [
                "[resourceId('Microsoft.Storage/storageAccounts/', variables('storageAccountName'))]",
                "[resourceId('Microsoft.Network/networkInterfaces/', concat(variables('nicName'), copyIndex()))]"
            ],
            "copy": {
                "name": "vmcopy",
                "count": 3
            }
        }
    ],
    "outputs": {
    }
}
