{
    "$schema": "https://schema.management.azure.com/schemas/2015-01-01/deploymentTemplate.json#",
    "contentVersion": "1.0.0.0",
    "parameters": {
        "networkInterfaceCardId": {
            "type": "string"
        }
    },
    "variables": {
        "vmName": "[concat('vm', uniqueString(resourceGroup().id))]"
    },
    "resources": [
        {
            "apiVersion": "2017-03-30",
            "type": "Microsoft.Compute/virtualMachines",
            "name": "[variables('vmName')]",
            "location": "[resourceGroup().location]",
            "properties": {
                "hardwareProfile": {
                    "vmSize": "Standard_A1_v2"
                },
                "osProfile": {
                    "computerName": "[variables('vmName')]",
                    "adminUsername": "Student",
                    "adminPassword": "StudentPa55w.rd"
                },
                "storageProfile": {
                    "imageReference": {
                        "publisher": "MicrosoftWindowsServer",
                        "offer": "WindowsServer",
                        "sku": "2016-Datacenter",
                        "version": "latest"
                    },
                    "osDisk": {
                        "createOption": "FromImage"
                    }
                },
                "networkProfile": {
                    "networkInterfaces": [
                        {
                            "id": "[parameters('networkInterfaceCardId')]"
                        }
                    ]
                }
            }
        }
    ]
}