{
    "$schema": "https://schema.management.azure.com/schemas/2015-01-01/deploymentTemplate.json#",
    "contentVersion": "1.0.0.0",
    "parameters": {
        "networkInterfaceCardId": {
            "type": "string"
        }
    },
    "variables": {
        "storageAccountName": "[concat('stor', uniqueString(resourceGroup().id))]",
        "storageAccountType": "Standard_LRS",
        "vmName": "[concat('vm', uniqueString(resourceGroup().id))]"
    },
    "resources": [
        {
            "type": "Microsoft.Storage/storageAccounts",
            "name": "[variables('storageAccountName')]",
            "apiVersion": "2016-01-01",
            "location": "[resourceGroup().location]",
            "sku": {
                "name": "[variables('storageAccountType')]"
            },
            "kind": "Storage",
            "properties": {}
        },
        {
            "apiVersion": "2017-03-30",
            "type": "Microsoft.Compute/virtualMachines",
            "name": "[variables('vmName')]",
            "location": "[resourceGroup().location]",
            "dependsOn": [
                "[resourceId('Microsoft.Storage/storageAccounts/', variables('storageAccountName'))]"
            ],
            "properties": {
                "hardwareProfile": {
                    "vmSize": "Standard_A1_v2"
                },
                "osProfile": {
                    "computerName": "[variables('vmName')]",
                    "adminUsername": "Student",
                    "adminPassword": "StudentPa55w.rd"
                },
                "storageProfile": {
                    "imageReference": {
                        "publisher": "MicrosoftWindowsServer",
                        "offer": "WindowsServer",
                        "sku": "2016-Datacenter",
                        "version": "latest"
                    },
                    "osDisk": {
                        "name": "osdisk",
                        "vhd": {
                            "uri": "[concat(reference(resourceId('Microsoft.Storage/storageAccounts/', variables('storageAccountName'))).primaryEndpoints.blob, 'vhds/osdisk.vhd')]"
                        },
                        "caching": "ReadWrite",
                        "createOption": "FromImage"
                    }
                },
                "networkProfile": {
                    "networkInterfaces": [
                        {
                            "id": "[parameters('networkInterfaceCardId')]"
                        }
                    ]
                }
            }
        }
    ]
}